<?xml version="1.0" encoding="UTF-8"?>
<project-private xmlns="http://www.netbeans.org/ns/project-private/1">
    <editor-bookmarks xmlns="http://www.netbeans.org/ns/editor-bookmarks/2" lastBookmarkId="0"/>
    <open-files xmlns="http://www.netbeans.org/ns/projectui-open-files/2">
        <group>
            <file>file:/C:/Users/My%20Pc/OneDrive/Documents/NetBeansProjects/Final/web/signUp.xhtml</file>
            <file>file:/C:/Users/My%20Pc/OneDrive/Documents/NetBeansProjects/Final/web/signIn.xhtml</file>
            <file>file:/C:/Users/My%20Pc/OneDrive/Documents/NetBeansProjects/Final/src/java/Test.java</file>
            <file>file:/C:/Users/My%20Pc/OneDrive/Documents/NetBeansProjects/Final/web/signInFail.xhtml</file>
            <file>file:/C:/Users/My%20Pc/OneDrive/Documents/NetBeansProjects/Final/web/signInSuccess.xhtml</file>
        </group>
    </open-files>
</project-private>
